x;y;z;heading;pitch;bank;left;right;bottom;top;tanLeft;tanRight;tanBottom;tanTop;width;height
499.5946960;-504.3531494;872.3455811;-67.58;-52.24;-23.47;-28.4673443;40.0823479;-28.4078636;13.3599548;-0.5422180;0.8415518;-0.5408754;0.2374951;1.3837697;0.7783705