x;y;z;heading;pitch;bank;left;right;bottom;top;tanLeft;tanRight;tanBottom;tanTop;width;height
-641.7747192;-678.2102051;963.4228516;64.84;-49.15;26.11;-36.1807709;23.9304085;-23.7440491;12.4693928;-0.7313741;0.4437741;-0.4398866;0.2211343;1.1751482;0.6610208