x;y;z;heading;pitch;bank;left;right;bottom;top;tanLeft;tanRight;tanBottom;tanTop;width;height
473.4716797;649.2449341;896.2647705;-120.07;-49.02;26.31;-42.2942123;27.8020802;-31.3862762;11.2138510;-0.9097454;0.5272866;-0.6100739;0.1982566;1.4370319;0.8083305