x;y;z;heading;pitch;bank;left;right;bottom;top;tanLeft;tanRight;tanBottom;tanTop;width;height
-590.6578979;329.9625549;917.8854980;105.85;-51.24;-14.26;-28.5748978;37.2612610;-23.8950748;16.2376003;-0.5446495;0.7607279;-0.4430362;0.2912386;1.3053774;0.7342748